id,first_name,last_name,email,gender,ip_address,country
1,Kathie,Turvey,kturvey0@umich.edu,Female,209.106.76.85,Sudan
2,Chadd,Kempshall,ckempshall1@cyberchimps.com,Male,157.190.193.237,China
3,Hillel,Mannie,hmannie2@dagondesign.com,Male,52.214.101.244,Philippines
4,Zonnya,Gosnold,zgosnold3@weebly.com,Female,91.181.41.106,Indonesia
5,Drake,Denyukhin,ddenyukhin4@hexun.com,Male,253.11.103.200,Thailand
6,Karisa,Watkiss,kwatkiss5@bluehost.com,Female,159.222.114.96,Philippines
7,Bambie,MacTrustie,bmactrustie6@tumblr.com,Female,160.196.94.70,Czech Republic
8,Gabrila,Brill,gbrill7@amazonaws.com,Bigender,231.250.47.77,Sweden
9,Rriocard,Sconce,rsconce8@uol.com.br,Male,9.247.1.46,Brazil
10,Hermie,Lillico,hlillico9@flavors.me,Male,201.13.187.67,Panama
11,Pierette,Barritt,pbarritta@behance.net,Female,23.152.0.176,Thailand
12,Lamar,Jory,ljoryb@lycos.com,Male,37.102.18.188,Poland
13,Jilleen,Jelleman,jjellemanc@google.de,Female,110.253.146.255,Portugal
14,Joannes,Grishenkov,jgrishenkovd@goo.gl,Female,30.128.52.38,Brazil
15,Velma,Barta,vbartae@xrea.com,Female,123.151.86.115,Bulgaria
16,Ermina,Ruslin,eruslinf@wikia.com,Non-binary,254.87.79.70,China
17,Sutton,Holworth,sholworthg@google.es,Male,241.89.120.173,Brazil
18,Luigi,Laydon,llaydonh@infoseek.co.jp,Male,92.41.36.214,Russia
19,Layne,Barthropp,lbarthroppi@sciencedaily.com,Female,159.239.81.244,China
20,Glynda,Marzele,gmarzelej@globo.com,Female,150.152.150.68,France
21,Carr,Reolfi,creolfik@symantec.com,Genderfluid,178.41.31.65,Indonesia
22,Maddy,Raggitt,mraggittl@joomla.org,Female,128.129.188.67,Portugal
23,Dre,Whitland,dwhitlandm@kickstarter.com,Female,205.205.117.228,Indonesia
24,Gherardo,Howsley,ghowsleyn@webnode.com,Male,96.216.143.154,Indonesia
25,Mady,McGenn,mmcgenno@fema.gov,Female,25.31.170.45,Colombia
26,Mick,Laphorn,mlaphornp@amazonaws.com,Male,202.83.39.146,Greece
27,Willette,Rudge,wrudgeq@homestead.com,Female,153.62.106.95,Azerbaijan
28,Wilmette,Pitway,wpitwayr@squarespace.com,Female,47.0.106.245,Russia
29,Griffie,Stanbro,gstanbros@xinhuanet.com,Male,121.20.136.56,Russia
30,Taite,Wogden,twogdent@google.ca,Male,72.195.208.201,Japan
31,Vance,Vasilic,vvasilicu@xinhuanet.com,Male,170.23.57.152,China
32,Merle,Tiffany,mtiffanyv@tripod.com,Male,2.255.77.65,France
33,Maje,Cristol,mcristolw@omniture.com,Male,227.93.245.80,Poland
34,Blinnie,Badrick,bbadrickx@free.fr,Female,76.142.230.249,China
35,Salomon,Earey,seareyy@wordpress.org,Male,54.252.37.157,China
36,Alisa,Edwardson,aedwardsonz@washingtonpost.com,Female,121.128.181.69,Hungary
37,Con,Angove,cangove10@oaic.gov.au,Male,192.148.218.21,South Korea
38,Gerrie,Baroux,gbaroux11@hubpages.com,Male,196.171.244.146,Philippines
39,Shanie,Watkinson,swatkinson12@vistaprint.com,Female,21.220.247.191,France
40,Mick,Tibbs,mtibbs13@nifty.com,Male,244.95.39.214,Thailand
41,Buiron,Blunderfield,bblunderfield14@t.co,Male,194.216.130.227,Japan
42,Bernice,Blampy,bblampy15@cbslocal.com,Female,243.85.125.199,Indonesia
43,Leshia,Curtain,lcurtain16@patch.com,Female,173.43.203.130,Indonesia
44,Burlie,Dollen,bdollen17@feedburner.com,Male,90.186.188.157,Tunisia
45,Deny,Bunting,dbunting18@amazon.co.uk,Female,244.65.251.26,France
46,Bjorn,Adcock,badcock19@hibu.com,Male,190.75.142.52,France
47,Robert,Kemer,rkemer1a@wordpress.org,Male,39.99.42.10,China
48,Ossie,Curgenuer,ocurgenuer1b@mayoclinic.com,Male,9.186.182.77,China
49,Faber,Drissell,fdrissell1c@youtu.be,Male,143.158.58.93,Paraguay
50,Torrance,Wilkisson,twilkisson1d@youtube.com,Male,158.120.193.4,Mexico
51,Chiquita,Impey,cimpey1e@elpais.com,Female,29.7.213.216,Tajikistan
52,Ester,Weale,eweale1f@simplemachines.org,Genderqueer,5.186.172.134,Nigeria
53,Bellina,Coning,bconing1g@walmart.com,Female,251.112.247.236,France
54,Vivia,Shelf,vshelf1h@1688.com,Female,253.193.48.195,Russia
55,Sheela,Chadbourn,schadbourn1i@angelfire.com,Female,9.207.4.111,Panama
56,Warner,Duplan,wduplan1j@parallels.com,Male,92.138.0.5,China
57,Tymon,Dureden,tdureden1k@alibaba.com,Male,32.73.56.7,Russia
58,Angela,Jennions,ajennions1l@exblog.jp,Female,234.196.93.94,Moldova
59,Peadar,Hubber,phubber1m@qq.com,Male,86.46.68.57,Egypt
60,Devin,Cohan,dcohan1n@cnn.com,Female,70.187.112.88,Indonesia
61,Sherilyn,Fones,sfones1o@irs.gov,Female,184.100.94.2,Poland
62,Jonell,Walbrook,jwalbrook1p@newsvine.com,Female,229.107.168.155,China
63,Marcellus,Firebrace,mfirebrace1q@washingtonpost.com,Male,248.235.41.150,Indonesia
64,Terri-jo,Guerrero,tguerrero1r@mtv.com,Female,233.26.131.20,United States
65,Barbi,Eydel,beydel1s@drupal.org,Female,5.167.96.13,China
66,Shanie,Capner,scapner1t@geocities.jp,Female,244.156.166.37,Estonia
67,Gabriell,Harty,gharty1u@wsj.com,Female,152.37.120.183,Afghanistan
68,Kelby,Bumby,kbumby1v@t-online.de,Male,164.45.241.60,China
69,Danie,Douthwaite,ddouthwaite1w@cyberchimps.com,Agender,56.169.113.9,Philippines
70,Oralle,Yell,oyell1x@mozilla.com,Female,117.149.10.32,Norway
71,Jacenta,Riccio,jriccio1y@ibm.com,Female,127.20.42.70,Philippines
72,Franchot,Blasio,fblasio1z@globo.com,Male,68.201.40.78,Portugal
73,Kristo,Mabbott,kmabbott20@java.com,Male,255.239.17.6,Belize
74,Melonie,Safe,msafe21@theglobeandmail.com,Female,193.13.34.72,France
75,Margalo,Permain,mpermain22@ucoz.ru,Female,196.252.164.129,Canada
76,Gaspard,Laverenz,glaverenz23@reddit.com,Male,37.168.92.183,China
77,Jerrold,Vennard,jvennard24@timesonline.co.uk,Male,237.51.153.183,Romania
78,Michel,Poole,mpoole25@mac.com,Male,111.150.47.92,United Kingdom
79,Jonah,Espadero,jespadero26@icq.com,Male,234.2.49.52,Sweden
80,Trudy,McArthur,tmcarthur27@multiply.com,Female,8.140.22.90,Peru
81,Gunther,Missen,gmissen28@macromedia.com,Male,198.196.173.69,Peru
82,Durante,McGowing,dmcgowing29@aol.com,Male,184.160.191.179,China
83,Gerrie,Sodory,gsodory2a@opera.com,Male,173.87.10.172,Indonesia
84,Dyane,Grestie,dgrestie2b@seattletimes.com,Polygender,43.74.230.213,Poland
85,Kellyann,Derby,kderby2c@jiathis.com,Female,166.89.90.207,Madagascar
86,Dav,Ellsworthe,dellsworthe2d@cdbaby.com,Male,167.244.124.88,France
87,Boony,Wozencraft,bwozencraft2e@businesswire.com,Male,82.41.156.88,Argentina
88,Waly,Albert,walbert2f@goo.gl,Female,20.185.180.4,Spain
89,Thekla,Mc Giffin,tmcgiffin2g@salon.com,Female,247.138.249.4,Czech Republic
90,Coleman,Sweedland,csweedland2h@4shared.com,Male,224.67.14.3,Indonesia
91,Dawna,Young,dyoung2i@skyrock.com,Female,64.195.170.11,Indonesia
92,Tanhya,Breazeall,tbreazeall2j@alibaba.com,Female,234.42.73.199,Poland
93,Sapphira,Baistow,sbaistow2k@google.com.au,Female,169.42.229.216,Central African Republic
94,Efrem,Kivelle,ekivelle2l@printfriendly.com,Male,244.208.132.188,South Korea
95,Mayor,Weildish,mweildish2m@pbs.org,Male,141.229.254.43,Ireland
96,Annora,Samsonsen,asamsonsen2n@dell.com,Female,60.60.149.130,China
97,Jaime,Bratley,jbratley2o@weather.com,Male,208.45.212.123,Thailand
98,Martie,Aleixo,maleixo2p@msn.com,Male,9.170.103.72,Syria
99,Madlin,Diament,mdiament2q@yolasite.com,Female,185.15.124.165,France
100,Zak,Starmore,zstarmore2r@seattletimes.com,Male,11.226.63.193,Mongolia
101,Artemas,Charity,acharity2s@cpanel.net,Male,243.47.125.4,China
102,Lulita,Gratrex,lgratrex2t@google.ca,Female,206.78.16.47,Brazil
103,Cairistiona,Trank,ctrank2u@icq.com,Female,19.146.213.178,Russia
104,Anatole,MacGiolla,amacgiolla2v@psu.edu,Male,206.96.164.41,Germany
105,Yancy,Sigge,ysigge2w@macromedia.com,Male,172.146.16.134,Portugal
106,Con,Mackney,cmackney2x@printfriendly.com,Male,189.163.23.61,Mexico
107,Algernon,Glasman,aglasman2y@intel.com,Male,212.77.248.179,Tunisia
108,Enoch,Westover,ewestover2z@wikipedia.org,Male,192.100.86.54,China
109,Arly,Brittlebank,abrittlebank30@tumblr.com,Female,62.146.199.95,Kosovo
110,Chaunce,Roddell,croddell31@dailymotion.com,Male,132.160.9.186,Poland
111,Mickey,Fishpoole,mfishpoole32@chron.com,Male,226.2.164.72,Brazil
112,Winonah,Bruck,wbruck33@arstechnica.com,Female,16.199.168.89,China
113,Hattie,Matijasevic,hmatijasevic34@dedecms.com,Female,226.235.14.82,Greece
114,Sully,Olden,solden35@canalblog.com,Male,208.58.27.212,France
115,Francesco,Zienkiewicz,fzienkiewicz36@123-reg.co.uk,Male,120.73.179.177,Colombia
116,Bel,Perrigo,bperrigo37@flickr.com,Female,139.144.11.157,Peru
117,Ogdan,Edgell,oedgell38@nytimes.com,Male,3.240.17.205,France
118,Rochelle,Bendare,rbendare39@google.co.uk,Female,199.36.183.129,France
119,Alexis,Cartmill,acartmill3a@opensource.org,Male,216.133.214.248,Russia
120,Tarrah,Cana,tcana3b@meetup.com,Female,15.134.126.49,China
121,Orland,Mallabon,omallabon3c@nhs.uk,Male,69.26.25.110,Greece
122,Brod,Youle,byoule3d@europa.eu,Male,177.235.134.149,China
123,Hillyer,Tinmouth,htinmouth3e@smugmug.com,Male,146.93.63.88,Indonesia
124,Lindsy,Beine,lbeine3f@free.fr,Female,202.40.29.246,Indonesia
125,Aggi,Pury,apury3g@wikispaces.com,Female,167.82.162.76,Canada
126,Jourdan,Azam,jazam3h@lycos.com,Female,234.133.200.204,Philippines
127,Alice,Trowsdale,atrowsdale3i@typepad.com,Polygender,194.128.92.186,France
128,Annaliese,Cersey,acersey3j@soundcloud.com,Agender,175.106.211.236,Sweden
129,Gerda,Mosedill,gmosedill3k@list-manage.com,Female,98.193.32.53,China
130,Sherrie,Cordeau],scordeau3l@discovery.com,Female,205.239.133.17,Greece
131,Bevan,Janaszewski,bjanaszewski3m@list-manage.com,Male,206.232.4.18,Colombia
132,Nichole,Ernke,nernke3n@sina.com.cn,Male,111.191.135.11,Venezuela
133,Abram,Goncalo,agoncalo3o@wikimedia.org,Male,105.218.38.244,Croatia
134,Hamlin,Ionnidis,hionnidis3p@xing.com,Male,216.45.205.7,Albania
135,Norri,Raddish,nraddish3q@cnn.com,Female,222.103.45.108,China
136,Oralla,Bodicum,obodicum3r@yellowbook.com,Female,18.158.83.60,China
137,Bastian,Ashall,bashall3s@statcounter.com,Male,187.194.215.88,Indonesia
138,Gallard,Vernall,gvernall3t@privacy.gov.au,Male,52.212.242.242,Indonesia
139,Suzy,Tuplin,stuplin3u@phpbb.com,Female,0.156.132.170,China
140,Reed,Livings,rlivings3v@last.fm,Male,121.248.160.111,China
141,Wrennie,Peacop,wpeacop3w@1und1.de,Female,31.143.44.227,Philippines
142,Mignonne,Dubs,mdubs3x@home.pl,Female,158.0.34.80,United States
143,Ram,Blase,rblase3y@amazon.de,Male,237.251.201.161,Myanmar
144,Chadwick,Boon,cboon3z@wiley.com,Male,218.105.209.231,Uruguay
145,Thea,McGooch,tmcgooch40@icio.us,Female,48.60.186.140,Botswana
146,Melvin,Danne,mdanne41@tinyurl.com,Male,40.145.55.55,Sweden
147,Roseanna,Balas,rbalas42@ifeng.com,Female,238.31.215.212,Portugal
148,Annaliese,Chrstine,achrstine43@ning.com,Female,133.104.228.138,Brazil
149,Galven,Pudsey,gpudsey44@dropbox.com,Male,84.207.244.150,Poland
150,Timotheus,Garretts,tgarretts45@naver.com,Male,133.194.98.166,Malaysia
151,Monty,Rankmore,mrankmore46@smugmug.com,Male,229.54.135.173,Philippines
152,Alano,McKellen,amckellen47@xinhuanet.com,Male,238.222.40.134,Indonesia
153,Brigham,Prigg,bprigg48@naver.com,Male,234.1.92.135,China
154,Barbaraanne,Sincock,bsincock49@biblegateway.com,Female,125.207.100.245,Mexico
155,Kipp,Hedditch,khedditch4a@tiny.cc,Female,69.245.24.245,Canada
156,Elia,Whiskin,ewhiskin4b@cafepress.com,Male,162.115.91.94,France
157,Jessamyn,Pattenden,jpattenden4c@cnbc.com,Female,1.66.231.38,Russia
158,Lem,Immings,limmings4d@hexun.com,Male,163.52.8.44,Portugal
159,Leodora,Jockle,ljockle4e@digg.com,Female,201.237.9.77,China
160,Kaitlynn,Grievson,kgrievson4f@google.cn,Female,4.70.233.210,Afghanistan
161,Dill,Terron,dterron4g@jimdo.com,Male,216.127.42.121,Uruguay
162,Koo,Burchatt,kburchatt4h@prlog.org,Female,83.175.25.1,Mexico
163,Cristen,Caughte,ccaughte4i@bluehost.com,Female,102.158.18.119,Peru
164,Marylou,Vasilyevski,mvasilyevski4j@slideshare.net,Female,182.120.178.243,Honduras
165,Billie,Nijs,bnijs4k@wordpress.com,Female,66.10.65.103,China
166,Florencia,Louca,flouca4l@themeforest.net,Genderqueer,41.165.79.207,Guatemala
167,Roderic,Airey,rairey4m@ebay.com,Male,56.115.238.252,China
168,Carrissa,Coles,ccoles4n@wisc.edu,Female,144.250.82.171,Vietnam
169,Hynda,Taffurelli,htaffurelli4o@oaic.gov.au,Female,211.54.27.34,Venezuela
170,Ursa,Brenstuhl,ubrenstuhl4p@dropbox.com,Female,232.110.175.211,China
171,Esmeralda,Giblin,egiblin4q@friendfeed.com,Female,146.90.127.146,Venezuela
172,Gabi,MacSweeney,gmacsweeney4r@php.net,Male,161.235.186.100,France
173,Ringo,Poulgreen,rpoulgreen4s@imdb.com,Male,3.37.84.61,Albania
174,Geoff,Caldicott,gcaldicott4t@reuters.com,Male,129.27.25.181,France
175,Maximilien,Guillon,mguillon4u@whitehouse.gov,Male,198.71.20.65,Indonesia
176,Kristopher,Byre,kbyre4v@diigo.com,Male,75.144.106.187,Russia
177,Bruno,Dengel,bdengel4w@spiegel.de,Male,173.106.67.11,Mexico
178,Stearn,MacMeeking,smacmeeking4x@microsoft.com,Male,22.120.6.13,China
179,Callean,Fulloway,cfulloway4y@arstechnica.com,Male,65.86.26.167,Brazil
180,Bartholomeo,Nice,bnice4z@netscape.com,Male,32.91.29.200,Bolivia
181,Manolo,Madgewick,mmadgewick50@ustream.tv,Male,177.37.152.245,Japan
182,Nicko,Mangenet,nmangenet51@prweb.com,Male,67.86.57.171,Russia
183,Halsey,Cottam,hcottam52@google.co.uk,Male,2.226.72.165,Russia
184,Godfry,Pepys,gpepys53@usnews.com,Male,48.169.33.94,Guatemala
185,Zsa zsa,Oty,zoty54@tmall.com,Female,126.100.82.80,Indonesia
186,Kippy,Elcoux,kelcoux55@paginegialle.it,Female,171.130.55.162,Norway
187,Maribelle,Hills,mhills56@instagram.com,Female,107.86.147.27,Poland
188,Marney,MacCostye,mmaccostye57@uol.com.br,Female,229.224.81.74,Bosnia and Herzegovina
189,Alameda,Lemery,alemery58@paypal.com,Female,164.149.82.152,Sri Lanka
190,Patrice,Morcomb,pmorcomb59@msn.com,Female,43.80.24.127,Nigeria
191,Rafaelita,Ghiraldi,rghiraldi5a@tinypic.com,Female,192.137.184.33,China
192,Marigold,Hairsine,mhairsine5b@yellowbook.com,Female,252.81.104.220,New Zealand
193,Brynne,Rennebeck,brennebeck5c@g.co,Female,134.13.180.118,Nicaragua
194,Frederik,Bourne,fbourne5d@discuz.net,Male,133.164.86.131,Mongolia
195,Mureil,Rubica,mrubica5e@sciencedaily.com,Female,57.244.197.134,Portugal
196,Robin,Greenleaf,rgreenleaf5f@phoca.cz,Male,117.178.160.200,Russia
197,Harriett,Stephenson,hstephenson5g@nbcnews.com,Female,59.228.137.66,New Zealand
198,Archaimbaud,Tuxill,atuxill5h@ebay.com,Male,168.183.176.166,Pakistan
199,Binny,Buick,bbuick5i@last.fm,Female,194.236.33.130,Germany
200,Wanids,Rickasse,wrickasse5j@wix.com,Female,4.250.158.186,China
201,Scotti,Oakly,soakly5k@usnews.com,Male,97.187.212.144,Greece
202,Leanor,Thorns,lthorns5l@comcast.net,Female,218.93.13.24,Brazil
203,Aggy,Soden,asoden5m@fotki.com,Female,45.37.12.144,Japan
204,Rhodia,Enion,renion5n@omniture.com,Female,192.132.34.135,China
205,Palm,Churn,pchurn5o@edublogs.org,Male,83.214.179.116,China
206,Bride,McLaughlan,bmclaughlan5p@marriott.com,Female,66.197.122.152,Portugal
207,Mabelle,Ridgers,mridgers5q@tinypic.com,Female,159.73.98.160,Indonesia
208,Skippy,Driuzzi,sdriuzzi5r@netscape.com,Male,218.235.203.239,Poland
209,Lazar,Mobbs,lmobbs5s@apple.com,Male,218.189.118.112,Czech Republic
210,Sheilah,Sims,ssims5t@lulu.com,Female,241.125.82.226,Samoa
211,Urson,Avon,uavon5u@sbwire.com,Male,108.213.222.220,Cambodia
212,Tani,Wooller,twooller5v@craigslist.org,Female,93.1.199.1,El Salvador
213,Darwin,Jeannenet,djeannenet5w@webmd.com,Male,3.122.157.208,Sweden
214,Royce,Inold,rinold5x@php.net,Non-binary,204.255.51.68,Estonia
215,Clay,Leeds,cleeds5y@about.com,Male,41.224.238.160,China
216,Gabriell,Daye,gdaye5z@craigslist.org,Female,246.184.77.54,Indonesia
217,Bartholomeus,Perri,bperri60@pbs.org,Male,126.118.253.40,Bangladesh
218,Becca,Chasney,bchasney61@elegantthemes.com,Genderfluid,6.12.128.39,Colombia
219,Raine,Semerad,rsemerad62@fc2.com,Female,218.141.26.163,China
220,Carissa,Volonte,cvolonte63@t.co,Female,77.61.218.114,Philippines
221,Dewie,McKibben,dmckibben64@mozilla.org,Male,241.158.156.166,Indonesia
222,Curr,Paszek,cpaszek65@buzzfeed.com,Male,78.158.180.176,China
223,Albie,O'Downe,aodowne66@nih.gov,Agender,219.88.96.59,Portugal
224,Kippy,Lackeye,klackeye67@columbia.edu,Male,95.123.130.193,Czech Republic
225,Tish,Lebreton,tlebreton68@php.net,Female,176.89.152.103,Japan
226,Daphna,Emmer,demmer69@google.nl,Female,204.221.248.97,France
227,Raina,Doddemeede,rdoddemeede6a@is.gd,Female,75.243.190.27,Philippines
228,Murvyn,Kettlestringes,mkettlestringes6b@simplemachines.org,Male,36.32.194.63,China
229,Kendra,Wanne,kwanne6c@rambler.ru,Female,155.95.123.49,Honduras
230,Christabella,Huikerby,chuikerby6d@npr.org,Female,166.119.156.104,Russia
231,Trstram,Raffon,traffon6e@marriott.com,Male,205.51.185.65,Brazil
232,Nickey,Coupman,ncoupman6f@prlog.org,Male,156.228.73.76,Latvia
233,Jenilee,Brimilcombe,jbrimilcombe6g@canalblog.com,Female,193.214.173.1,China
234,Davis,Armytage,darmytage6h@bloomberg.com,Male,96.171.190.11,Russia
235,Brande,Lukins,blukins6i@ucoz.com,Female,68.250.127.47,Sweden
236,Ian,Monelli,imonelli6j@home.pl,Male,209.205.75.134,United States
237,Tallulah,Erickson,terickson6k@noaa.gov,Female,19.77.165.219,Ireland
238,Rodie,Reck,rreck6l@yahoo.com,Female,28.238.41.33,Israel
239,Evangeline,Cawthorne,ecawthorne6m@ezinearticles.com,Female,25.72.152.64,China
240,Cecil,Sloam,csloam6n@oracle.com,Male,152.17.71.117,Philippines
241,Marielle,Pickerin,mpickerin6o@gizmodo.com,Polygender,109.133.62.1,Niger
242,Wolfy,Radbond,wradbond6p@aboutads.info,Male,125.8.151.184,Indonesia
243,Carolina,Burtwhistle,cburtwhistle6q@google.cn,Non-binary,32.14.203.205,China
244,Enid,Sekulla,esekulla6r@reuters.com,Female,135.169.35.141,Brazil
245,Clim,Bluett,cbluett6s@psu.edu,Male,78.215.77.84,Indonesia
246,Vi,Edgson,vedgson6t@4shared.com,Female,210.31.6.106,China
247,Simone,Eagle,seagle6u@xinhuanet.com,Male,243.51.81.109,Indonesia
248,Bryn,Mauchlen,bmauchlen6v@discovery.com,Male,200.156.14.22,Brazil
249,Cathi,Corre,ccorre6w@cdbaby.com,Female,94.204.229.145,Ukraine
250,Sabra,Lupson,slupson6x@unesco.org,Female,31.31.230.135,China
251,Aylmer,Blaxter,ablaxter6y@desdev.cn,Male,175.4.222.57,China
252,Annelise,Bethell,abethell6z@psu.edu,Female,168.47.117.237,Indonesia
253,Chip,Glazebrook,cglazebrook70@over-blog.com,Male,145.206.189.7,Palestinian Territory
254,Sarita,Callan,scallan71@ftc.gov,Female,126.131.120.172,Indonesia
255,Beatrice,Ketchell,bketchell72@wikispaces.com,Female,209.252.132.205,Czech Republic
256,Idette,Penkman,ipenkman73@issuu.com,Female,243.3.123.44,Indonesia
257,Petey,Hyrons,phyrons74@weibo.com,Male,39.235.72.81,Indonesia
258,Zenia,Henze,zhenze75@shutterfly.com,Female,35.220.101.96,China
259,Sayre,Wavell,swavell76@independent.co.uk,Male,167.54.198.136,Comoros
260,Mikey,Simao,msimao77@icio.us,Male,89.111.205.155,Yemen
261,Oriana,Winders,owinders78@foxnews.com,Female,80.214.161.99,Indonesia
262,Zerk,Spadeck,zspadeck79@issuu.com,Male,168.109.13.132,United States
263,Dusty,Gerty,dgerty7a@friendfeed.com,Female,44.30.209.145,China
264,Ramona,Lonnon,rlonnon7b@webeden.co.uk,Female,36.79.194.136,Brazil
265,Cyndi,McTeggart,cmcteggart7c@123-reg.co.uk,Female,118.249.176.66,China
266,Chloe,Passingham,cpassingham7d@newyorker.com,Female,101.173.201.83,China
267,Isador,Labone,ilabone7e@icio.us,Male,98.99.203.211,France
268,Jackson,Cuniffe,jcuniffe7f@ed.gov,Male,242.220.232.11,France
269,Francklyn,Faulks,ffaulks7g@indiatimes.com,Male,118.80.140.33,Ecuador
270,Nikolia,MacIlhagga,nmacilhagga7h@com.com,Female,75.125.198.253,Ethiopia
271,Ogdon,Insko,oinsko7i@discuz.net,Male,143.106.235.97,Indonesia
272,Morgan,Pifford,mpifford7j@youku.com,Male,172.72.211.154,France
273,Stevie,Pendred,spendred7k@ask.com,Male,158.92.58.44,Morocco
274,Dita,Barron,dbarron7l@businesswire.com,Female,192.232.222.32,China
275,Lyndel,Dungey,ldungey7m@opera.com,Genderfluid,213.253.8.20,China
276,Corabel,Cardenas,ccardenas7n@narod.ru,Female,229.65.47.54,Brazil
277,Yuma,Jzak,yjzak7o@reference.com,Male,143.81.202.182,Indonesia
278,Wendeline,Dack,wdack7p@stumbleupon.com,Bigender,200.160.26.254,Portugal
279,Courtnay,Pottle,cpottle7q@homestead.com,Genderfluid,177.152.230.227,United States
280,Barthel,Parsons,bparsons7r@g.co,Male,152.147.196.147,Indonesia
281,Elenore,Peach,epeach7s@myspace.com,Female,63.4.47.237,Sierra Leone
282,Conrade,Britch,cbritch7t@tumblr.com,Male,154.125.126.241,Paraguay
283,Sylvester,Giacubbo,sgiacubbo7u@bizjournals.com,Male,100.90.180.56,Indonesia
284,Broderick,Delgado,bdelgado7v@latimes.com,Male,251.18.216.204,Ukraine
285,Valry,Wraighte,vwraighte7w@census.gov,Female,211.124.201.90,China
286,Leandra,Mead,lmead7x@shinystat.com,Female,173.71.206.243,Czech Republic
287,Jdavie,Slafford,jslafford7y@blinklist.com,Male,26.56.107.206,Uzbekistan
288,Emyle,Genever,egenever7z@hostgator.com,Female,4.59.211.169,Philippines
289,Briana,Flewett,bflewett80@purevolume.com,Female,224.77.133.6,Russia
290,Merridie,Josey,mjosey81@mtv.com,Bigender,227.181.94.244,United States
291,Chaddie,Jurs,cjurs82@princeton.edu,Male,68.49.86.74,Madagascar
292,Gwenny,Berthelet,gberthelet83@wunderground.com,Female,225.191.121.58,Indonesia
293,Yurik,Dorling,ydorling84@nymag.com,Male,202.222.248.67,Albania
294,Christyna,Shawel,cshawel85@noaa.gov,Female,13.16.94.244,Serbia
295,Edyth,Olyfant,eolyfant86@time.com,Female,140.74.98.42,China
296,Babette,Skrines,bskrines87@chicagotribune.com,Agender,183.42.27.239,Cape Verde
297,Karyl,Curro,kcurro88@symantec.com,Female,64.205.228.103,Indonesia
298,Cindra,Kinker,ckinker89@forbes.com,Female,179.145.222.118,Indonesia
299,Evangelia,Gusticke,egusticke8a@apache.org,Female,200.5.166.87,New Caledonia
300,Simeon,Ameer-Beg,sameerbeg8b@nba.com,Male,236.81.185.253,Indonesia
301,Sloan,Stych,sstych8c@senate.gov,Male,235.60.245.166,Indonesia
302,Harwell,Tomet,htomet8d@comcast.net,Polygender,107.135.121.5,Switzerland
303,Cassie,Schwandermann,cschwandermann8e@bravesites.com,Male,71.235.222.0,Russia
304,Lorianne,O'Corr,locorr8f@1688.com,Female,140.102.156.133,Canada
305,Lois,Shapter,lshapter8g@youtube.com,Female,132.242.149.91,Norway
306,Violette,Pillinger,vpillinger8h@japanpost.jp,Female,28.91.181.36,Indonesia
307,Lisle,Mingo,lmingo8i@deliciousdays.com,Male,128.81.214.198,China
308,Annette,Reville,areville8j@csmonitor.com,Female,128.255.232.222,Brazil
309,Salli,de Courcey,sdecourcey8k@bigcartel.com,Female,236.100.186.150,China
310,Veda,Gagen,vgagen8l@indiegogo.com,Female,217.49.164.221,Cuba
311,Leroi,Vinsen,lvinsen8m@pinterest.com,Male,18.27.72.173,Philippines
312,Minne,MacNeil,mmacneil8n@walmart.com,Female,52.205.228.173,Poland
313,Forester,Heaffey,fheaffey8o@yelp.com,Male,226.162.119.238,France
314,Gardner,Edie,gedie8p@springer.com,Male,131.169.83.20,China
315,Charita,Georgins,cgeorgins8q@pen.io,Female,30.234.129.224,Brazil
316,Duff,Giovannacci,dgiovannacci8r@ftc.gov,Male,103.244.213.105,Indonesia
317,Dukey,Ibanez,dibanez8s@people.com.cn,Male,87.131.228.120,Argentina
318,Abel,Wilce,awilce8t@flickr.com,Male,192.154.35.151,China
319,Sidney,Atger,satger8u@statcounter.com,Genderfluid,58.26.84.71,China
320,Pooh,Pfeiffer,ppfeiffer8v@dailymotion.com,Female,147.11.134.83,Czech Republic
321,Agretha,Cosens,acosens8w@vkontakte.ru,Female,236.12.170.154,South Africa
322,Catha,Sifflett,csifflett8x@tuttocitta.it,Female,123.45.191.70,Argentina
323,Gunar,O'Criane,gocriane8y@blogspot.com,Male,153.231.86.6,Indonesia
324,Elladine,Tempest,etempest8z@jimdo.com,Female,229.228.64.44,Myanmar
325,Fernande,Malek,fmalek90@feedburner.com,Female,29.221.214.144,Tajikistan
326,Pia,Lohde,plohde91@unesco.org,Female,211.177.67.49,Equatorial Guinea
327,Guenevere,Lemery,glemery92@google.co.uk,Female,91.36.100.122,Sweden
328,Ernesto,Georgius,egeorgius93@sun.com,Male,97.149.66.155,Indonesia
329,Mischa,Larrat,mlarrat94@columbia.edu,Genderqueer,103.218.17.98,China
330,Marianna,Menendes,mmenendes95@odnoklassniki.ru,Female,251.144.232.191,Russia
331,Coretta,Bointon,cbointon96@instagram.com,Female,70.213.240.90,Ethiopia
332,Sacha,Armitage,sarmitage97@instagram.com,Female,161.134.128.142,Nepal
333,Richmond,Adlem,radlem98@squidoo.com,Male,195.37.49.12,Portugal
334,Leslie,Postgate,lpostgate99@dot.gov,Male,24.81.184.40,Peru
335,Rolando,Ricard,rricard9a@oakley.com,Male,123.11.41.6,Indonesia
336,Jeremy,Pfaffe,jpfaffe9b@usa.gov,Agender,135.199.122.93,Mongolia
337,Ian,Berryann,iberryann9c@yellowbook.com,Male,46.233.102.122,United States
338,Aguistin,Filan,afilan9d@google.co.jp,Male,13.29.171.108,Barbados
339,Reed,Shipperbottom,rshipperbottom9e@nydailynews.com,Male,75.187.106.157,Portugal
340,Germain,Whitney,gwhitney9f@cafepress.com,Male,206.111.38.117,Turkmenistan
341,Anny,Sangar,asangar9g@cloudflare.com,Genderqueer,81.224.90.167,China
342,Danila,Alsobrook,dalsobrook9h@bbc.co.uk,Female,210.110.6.228,Saudi Arabia
343,Marlowe,Vigrass,mvigrass9i@cornell.edu,Genderqueer,245.125.195.29,Portugal
344,Deeyn,Kitter,dkitter9j@ucla.edu,Female,141.91.95.200,France
345,Alphonse,Byrom,abyrom9k@cafepress.com,Male,63.72.54.220,Panama
346,Jemmy,Skeeles,jskeeles9l@imageshack.us,Female,11.6.78.40,Argentina
347,Bendite,Vezey,bvezey9m@creativecommons.org,Female,128.176.189.11,Croatia
348,Cy,Wheldon,cwheldon9n@reference.com,Male,244.29.0.61,Brazil
349,Clarey,Buesnel,cbuesnel9o@cdbaby.com,Female,82.225.78.254,Brazil
350,Allix,Baggelley,abaggelley9p@facebook.com,Female,110.230.171.137,Philippines
351,Hanni,Blues,hblues9q@sfgate.com,Female,48.71.115.250,Japan
352,Oralia,MacFayden,omacfayden9r@meetup.com,Female,44.234.248.169,Cameroon
353,Annis,Skurm,askurm9s@photobucket.com,Female,0.193.172.26,Japan
354,Peyton,Scirman,pscirman9t@tuttocitta.it,Male,167.75.146.175,Israel
355,Karel,Salkeld,ksalkeld9u@simplemachines.org,Male,237.27.109.193,Indonesia
356,Celene,Iacopetti,ciacopetti9v@live.com,Female,75.196.52.156,Czech Republic
357,Dew,Sainte Paul,dsaintepaul9w@reuters.com,Male,229.157.64.135,Dominican Republic
358,Cara,Bernaldez,cbernaldez9x@comsenz.com,Female,6.72.227.65,China
359,Merwin,Faragan,mfaragan9y@flavors.me,Genderqueer,193.56.93.62,Indonesia
360,Gert,Brundale,gbrundale9z@soundcloud.com,Genderqueer,236.67.156.92,Ireland
361,Kylynn,Cornwell,kcornwella0@google.com,Female,232.38.163.243,China
362,Garwin,Daine,gdainea1@pen.io,Male,197.64.190.64,Argentina
363,Roddy,De Meis,rdemeisa2@dyndns.org,Male,236.126.6.190,France
364,Daffie,Sink,dsinka3@un.org,Female,93.26.28.71,Indonesia
365,Janis,Daens,jdaensa4@surveymonkey.com,Female,61.4.76.53,China
366,Jarrid,Preble,jpreblea5@alibaba.com,Male,105.92.166.181,China
367,Cordie,Shawe,cshawea6@cbsnews.com,Male,67.101.129.59,Indonesia
368,Fanchon,Inett,finetta7@dropbox.com,Female,46.31.63.138,Russia
369,Fredrick,Pantridge,fpantridgea8@state.tx.us,Agender,113.82.15.97,China
370,Nobie,Yakov,nyakova9@state.gov,Male,178.31.204.117,United States
371,Giacomo,Readshaw,greadshawaa@hibu.com,Male,134.113.230.206,Sweden
372,Klaus,Iskow,kiskowab@latimes.com,Male,235.145.23.124,Portugal
373,Reynold,Duffree,rduffreeac@marketwatch.com,Male,60.217.123.136,China
374,Noland,Lutty,nluttyad@live.com,Male,99.120.248.238,Germany
375,Rocky,Leiden,rleidenae@paypal.com,Male,147.57.125.195,Philippines
376,Sumner,Preston,sprestonaf@nyu.edu,Male,44.102.167.83,Indonesia
377,Ruthann,Avrahamoff,ravrahamoffag@hexun.com,Female,167.232.166.254,Ukraine
378,Jacquelin,Chittey,jchitteyah@cdbaby.com,Female,254.123.68.57,China
379,Mattheus,Moulin,mmoulinai@abc.net.au,Male,31.194.78.13,Argentina
380,Bobina,Danev,bdanevaj@sakura.ne.jp,Genderqueer,233.215.138.224,Finland
381,Adolphe,Cuff,acuffak@g.co,Male,40.88.109.167,United States
382,Adora,Norris,anorrisal@discovery.com,Female,62.6.92.166,Russia
383,Charmion,Rewbottom,crewbottomam@uiuc.edu,Female,38.67.200.220,Greece
384,Frances,Hiddsley,fhiddsleyan@ebay.com,Female,214.60.164.205,China
385,Bale,Allbut,ballbutao@w3.org,Male,231.22.129.151,Argentina
386,Florette,Edlington,fedlingtonap@ifeng.com,Female,134.11.0.207,Norway
387,Martino,Aronoff,maronoffaq@wix.com,Male,72.242.221.19,Poland
388,Lydie,Wrettum,lwrettumar@constantcontact.com,Female,11.255.156.60,Bulgaria
389,Ardra,Leamon,aleamonas@google.cn,Female,67.49.193.105,Poland
390,Haroun,Ludwig,hludwigat@technorati.com,Agender,128.232.68.243,Slovenia
391,Ulric,Drewet,udrewetau@dell.com,Male,164.63.3.173,China
392,Karlik,Cullon,kcullonav@youku.com,Male,252.247.158.155,Russia
393,Colas,Rupp,cruppaw@example.com,Agender,227.152.170.98,Russia
394,Kent,McGarrie,kmcgarrieax@bbc.co.uk,Male,189.123.210.63,United States
395,Gerek,Isack,gisackay@sohu.com,Male,123.16.159.141,Indonesia
396,Brooks,Jozwicki,bjozwickiaz@mozilla.com,Male,133.223.202.234,Taiwan
397,Matthiew,Strowan,mstrowanb0@devhub.com,Male,132.169.193.181,Indonesia
398,Constantin,Sharratt,csharrattb1@un.org,Male,197.170.231.83,Poland
399,Lonnie,Stanfield,lstanfieldb2@wordpress.com,Male,134.120.164.181,Brazil
400,Kellen,Filgate,kfilgateb3@usgs.gov,Male,90.164.121.73,Argentina
401,Israel,Yarnley,iyarnleyb4@upenn.edu,Male,139.174.18.59,Nicaragua
402,Orlan,Mulholland,omulhollandb5@dion.ne.jp,Polygender,233.171.59.0,Thailand
403,Nicolle,Breeds,nbreedsb6@yahoo.com,Female,2.180.136.99,Lithuania
404,Eveleen,Wyss,ewyssb7@reverbnation.com,Female,127.113.37.237,Colombia
405,Ardith,Gurling,agurlingb8@miibeian.gov.cn,Female,157.186.8.202,Syria
406,Cherice,Kincaid,ckincaidb9@oaic.gov.au,Female,34.245.40.94,Bosnia and Herzegovina
407,Rivalee,Pavluk,rpavlukba@paginegialle.it,Bigender,96.15.161.104,Philippines
408,Meredith,Ropert,mropertbb@reddit.com,Male,25.206.145.16,Serbia
409,Stanleigh,Semple,ssemplebc@ft.com,Male,68.153.34.250,China
410,Haley,Loren,hlorenbd@theglobeandmail.com,Female,216.10.26.178,Philippines
411,Bride,Hamfleet,bhamfleetbe@furl.net,Female,107.96.19.38,Venezuela
412,Filbert,Barlas,fbarlasbf@indiatimes.com,Male,96.71.14.34,China
413,Mendel,Crosfeld,mcrosfeldbg@loc.gov,Polygender,2.248.216.202,Russia
414,Steffen,McColm,smccolmbh@washington.edu,Male,74.75.54.158,Nigeria
415,Arleen,Raffin,araffinbi@pcworld.com,Female,87.120.255.133,Chile
416,Cass,Masey,cmaseybj@senate.gov,Female,134.231.193.158,Serbia
417,Jaymie,Bunting,jbuntingbk@php.net,Male,175.102.156.172,Czech Republic
418,Raoul,Dundendale,rdundendalebl@msn.com,Male,237.78.143.113,Russia
419,Kiah,McCumesky,kmccumeskybm@w3.org,Female,159.100.64.237,Poland
420,Lou,Malby,lmalbybn@hp.com,Male,238.208.173.102,Japan
421,Monah,Biagi,mbiagibo@fema.gov,Female,7.92.21.238,Thailand
422,Lutero,Lillee,llilleebp@hp.com,Male,145.49.84.142,Brazil
423,Mallory,Beekmann,mbeekmannbq@adobe.com,Male,34.31.71.5,Argentina
424,Parsifal,Wassell,pwassellbr@spiegel.de,Male,223.217.227.227,Indonesia
425,Aleece,Beloe,abeloebs@europa.eu,Female,156.216.72.173,China
426,Lorant,Stitcher,lstitcherbt@constantcontact.com,Genderqueer,154.100.215.105,Poland
427,Konrad,Lyptrade,klyptradebu@cnn.com,Male,221.248.120.24,France
428,Demetre,Lazonby,dlazonbybv@godaddy.com,Male,152.3.118.37,Ukraine
429,Sibby,Dehm,sdehmbw@ibm.com,Female,82.34.56.224,France
430,Aeriel,Morstatt,amorstattbx@typepad.com,Agender,89.134.119.42,Philippines
431,Gelya,MacGillespie,gmacgillespieby@columbia.edu,Female,49.107.45.237,Indonesia
432,Milicent,Basnall,mbasnallbz@homestead.com,Non-binary,120.72.75.241,Kiribati
433,Floyd,Kob,fkobc0@skype.com,Male,69.42.144.134,China
434,Sal,Champion,schampionc1@noaa.gov,Female,29.220.52.102,China
435,Roanne,Ferres,rferresc2@cbsnews.com,Female,146.63.142.213,Ukraine
436,Stacie,Cranham,scranhamc3@weebly.com,Female,21.126.22.196,Indonesia
437,Tod,Stilldale,tstilldalec4@51.la,Male,214.134.130.34,Indonesia
438,Taffy,Yokelman,tyokelmanc5@huffingtonpost.com,Female,215.25.29.173,China
439,Carolus,Mattack,cmattackc6@google.com.hk,Male,113.227.45.148,Nigeria
440,Sigmund,Spalls,sspallsc7@hud.gov,Male,126.16.163.121,Malaysia
441,Dion,Ten Broek,dtenbroekc8@jugem.jp,Male,29.13.131.244,Malaysia
442,Craig,Mackneis,cmackneisc9@yolasite.com,Male,238.78.142.149,Indonesia
443,Pearline,Afield,pafieldca@gov.uk,Female,240.227.27.102,Greece
444,Georgi,Densie,gdensiecb@multiply.com,Male,121.129.59.153,Albania
445,Mason,Moth,mmothcc@tamu.edu,Male,155.255.93.127,Indonesia
446,Rees,Shevill,rshevillcd@altervista.org,Male,209.69.29.88,Indonesia
447,Astrix,Ham,ahamce@google.com,Female,77.13.104.93,China
448,Godfry,Shippard,gshippardcf@histats.com,Male,236.182.78.183,Colombia
449,Sergei,Murden,smurdencg@4shared.com,Male,153.24.7.1,Belarus
450,Harwell,Wivell,hwivellch@dot.gov,Male,183.244.52.119,Sweden
451,Annetta,Coxon,acoxonci@pagesperso-orange.fr,Female,103.228.10.174,Indonesia
452,Darla,Kinnard,dkinnardcj@nba.com,Female,168.206.100.161,Peru
453,Cory,Kiely,ckielyck@paginegialle.it,Male,80.126.235.64,Bangladesh
454,Nicky,Lanfranconi,nlanfranconicl@marriott.com,Male,80.37.172.166,Russia
455,Aile,McCamish,amccamishcm@wunderground.com,Female,158.238.197.8,Canada
456,Gilemette,Sawforde,gsawfordecn@google.pl,Female,146.93.99.141,Poland
457,Stinky,Luetchford,sluetchfordco@amazon.co.uk,Male,170.77.88.223,Indonesia
458,Eldredge,Coysh,ecoyshcp@psu.edu,Male,185.97.28.17,Greece
459,Meredithe,Gillebride,mgillebridecq@google.cn,Female,254.247.53.61,Luxembourg
460,Kristen,Farman,kfarmancr@paginegialle.it,Female,122.164.186.12,Colombia
461,Agnes,Brogiotti,abrogiottics@phoca.cz,Female,105.160.155.216,China
462,Sigismondo,Lerhinan,slerhinanct@newyorker.com,Male,151.52.6.63,Indonesia
463,Phillida,Garthland,pgarthlandcu@deviantart.com,Non-binary,241.135.14.254,Uzbekistan
464,Renaud,Mussettini,rmussettinicv@dropbox.com,Male,124.241.98.113,Estonia
465,Allyn,Cremins,acreminscw@jimdo.com,Male,63.154.84.102,Iran
466,Larisa,Bleasdille,lbleasdillecx@oaic.gov.au,Non-binary,4.57.204.128,Uzbekistan
467,Jasmin,FitzGibbon,jfitzgibboncy@blogtalkradio.com,Female,236.59.226.30,China
468,Claudelle,Kirkham,ckirkhamcz@technorati.com,Female,20.29.161.162,Palestinian Territory
469,Eulalie,Laxston,elaxstond0@harvard.edu,Female,202.44.172.56,Argentina
470,Sherwynd,Pulley,spulleyd1@indiatimes.com,Male,53.213.42.0,Afghanistan
471,Alfie,Mance,amanced2@exblog.jp,Female,112.92.175.93,Brazil
472,Casper,Dunphy,cdunphyd3@ask.com,Male,189.54.200.134,China
473,Shelly,Pountain,spountaind4@canalblog.com,Female,84.169.253.158,China
474,Eleni,McKinna,emckinnad5@123-reg.co.uk,Female,28.55.166.4,Russia
475,Georgina,Hillaby,ghillabyd6@1688.com,Female,71.46.56.179,Lithuania
476,Kenon,Petters,kpettersd7@youtu.be,Male,192.163.70.102,Nigeria
477,Donovan,Eastwood,deastwoodd8@dmoz.org,Male,21.90.212.91,South Africa
478,Sylvan,Perchard,sperchardd9@sun.com,Male,117.54.71.227,Indonesia
479,Euell,Jakeman,ejakemanda@addtoany.com,Male,164.187.178.191,China
480,Dunstan,Jerrome,djerromedb@acquirethisname.com,Male,247.91.156.144,China
481,Janos,Fold,jfolddc@reddit.com,Male,239.20.162.210,China
482,Korie,Rawlinson,krawlinsondd@mapy.cz,Female,221.254.84.144,Portugal
483,Berke,Ellaman,bellamande@unblog.fr,Male,244.130.244.46,Kosovo
484,Bessy,Dagwell,bdagwelldf@wix.com,Female,217.223.142.110,China
485,Yoko,Delatour,ydelatourdg@jugem.jp,Female,216.119.141.147,United States
486,Wallis,Bulley,wbulleydh@rambler.ru,Male,169.116.9.32,Indonesia
487,Minnaminnie,Slinger,mslingerdi@51.la,Female,175.2.246.157,China
488,Tripp,McAline,tmcalinedj@google.es,Male,166.188.74.62,Sweden
489,Viva,Flowith,vflowithdk@scientificamerican.com,Non-binary,82.116.133.186,Russia
490,Ellie,O'Loughnan,eoloughnandl@cbc.ca,Female,197.225.177.225,Kosovo
491,Herb,Tenwick,htenwickdm@e-recht24.de,Male,138.104.78.125,China
492,Gerard,Clemendot,gclemendotdn@youtube.com,Male,142.224.63.119,Philippines
493,Maryrose,Monelli,mmonellido@craigslist.org,Female,44.33.176.133,Argentina
494,Arvie,Hane,ahanedp@addtoany.com,Male,19.1.203.215,Greece
495,Kendall,Shaxby,kshaxbydq@blogspot.com,Male,1.86.59.30,Ukraine
496,Patty,Schmuhl,pschmuhldr@comcast.net,Female,195.120.210.60,Indonesia
497,Kerrill,Gouch,kgouchds@state.tx.us,Female,62.73.147.209,Philippines
498,Durward,Mateev,dmateevdt@vimeo.com,Male,19.17.249.0,Brazil
499,Desmund,Meddemmen,dmeddemmendu@tmall.com,Male,94.74.9.226,Netherlands
500,Rickard,Tamsett,rtamsettdv@hao123.com,Male,35.136.51.63,Egypt
501,Durante,Gillino,dgillinodw@prnewswire.com,Male,211.52.174.87,Indonesia
502,Uri,Nissle,unissledx@chicagotribune.com,Polygender,98.16.225.29,Malaysia
503,Powell,Ionnisian,pionnisiandy@youtu.be,Male,38.23.242.200,Russia
504,Shermy,Meo,smeodz@comcast.net,Male,100.87.25.124,Poland
505,Dall,Schafer,dschafere0@unesco.org,Genderfluid,19.163.0.6,Brazil
506,Tory,Pashbee,tpashbeee1@whitehouse.gov,Female,130.35.157.73,United States
507,Marleen,Figgs,mfiggse2@wikimedia.org,Female,80.27.188.145,India
508,Ferguson,Ellsom,fellsome3@moonfruit.com,Male,126.57.2.135,United States
509,Babs,Basler,bbaslere4@a8.net,Female,152.19.100.113,Nicaragua
510,Randall,Jeffree,rjeffreee5@cornell.edu,Male,8.65.220.216,Japan
511,Billye,Bickerstaffe,bbickerstaffee6@soundcloud.com,Female,57.141.242.3,Colombia
512,Seumas,MacSkeagan,smacskeagane7@vk.com,Male,255.148.229.188,Poland
513,Modestia,Gleeson,mgleesone8@biblegateway.com,Female,190.204.69.139,Brazil
514,Fran,Staning,fstaninge9@w3.org,Male,57.2.201.102,Brazil
515,Vanna,Rantoul,vrantoulea@sciencedirect.com,Polygender,92.13.134.220,Iran
516,Emanuele,McMillam,emcmillameb@sun.com,Male,105.195.169.86,Sweden
517,Ambrosi,Crosham,acroshamec@devhub.com,Male,36.143.168.172,China
518,Patience,Padgham,ppadghamed@comcast.net,Female,121.213.103.226,Poland
519,Alice,Bantock,abantockee@fema.gov,Female,219.135.146.198,China
520,Dallon,Pittoli,dpittolief@smh.com.au,Male,11.51.228.127,China
521,Skipp,Maharry,smaharryeg@biblegateway.com,Male,196.133.158.146,Zimbabwe
522,Joseph,Paulsen,jpaulseneh@cmu.edu,Male,160.251.119.65,France
523,Huberto,Josipovic,hjosipovicei@xinhuanet.com,Male,152.94.5.46,Colombia
524,Carling,Girdler,cgirdlerej@godaddy.com,Male,226.144.187.87,Argentina
525,Garik,Kermeen,gkermeenek@a8.net,Male,187.173.187.144,Brazil
526,Talyah,Irons,tironsel@illinois.edu,Female,35.102.163.79,Portugal
527,Laney,Budding,lbuddingem@usatoday.com,Female,152.21.74.247,Ukraine
528,Appolonia,Peegrem,apeegremen@google.com.hk,Female,97.160.166.115,Philippines
529,Nedi,Whisson,nwhissoneo@princeton.edu,Female,21.213.245.23,China
530,Pearl,Attersoll,pattersollep@cocolog-nifty.com,Female,46.103.195.252,Indonesia
531,August,Zini,azinieq@dedecms.com,Male,249.54.82.113,Indonesia
532,Korrie,Scandrett,kscandretter@wix.com,Female,224.31.115.140,Russia
533,Sonnie,Bothwell,sbothwelles@fema.gov,Male,107.34.229.106,Serbia
534,Husain,Brandolini,hbrandoliniet@apache.org,Male,164.213.170.134,Poland
535,Carney,Fenich,cfenicheu@github.com,Male,180.212.9.192,Russia
536,Nobe,Straniero,nstranieroev@wordpress.com,Male,43.70.251.111,China
537,Sapphira,Walas,swalasew@apple.com,Female,163.201.20.130,Yemen
538,Laverne,Peltzer,lpeltzerex@imageshack.us,Female,159.9.223.127,Indonesia
539,Gris,Osment,gosmentey@gov.uk,Male,102.249.127.21,Mozambique
540,Lorelle,Sibbet,lsibbetez@edublogs.org,Female,195.61.152.216,Peru
541,Adah,Ingray,aingrayf0@youtube.com,Non-binary,118.169.251.186,Chad
542,Wyndham,Yarrington,wyarringtonf1@usgs.gov,Male,129.207.239.195,China
543,Morly,Verbrugghen,mverbrugghenf2@instagram.com,Male,245.108.77.24,China
544,Lindsay,Heffy,lheffyf3@slideshare.net,Male,183.27.200.64,Czech Republic
545,Robbyn,Scudder,rscudderf4@cpanel.net,Female,65.208.57.87,Chad
546,Aubert,Wasmuth,awasmuthf5@delicious.com,Male,86.27.247.126,Portugal
547,Arlie,Coskerry,acoskerryf6@linkedin.com,Female,108.208.176.93,Nicaragua
548,Jammie,de Pinna,jdepinnaf7@wix.com,Female,105.95.168.21,Poland
549,Alis,Pilfold,apilfoldf8@abc.net.au,Female,239.113.21.152,Macedonia
550,Dilan,Musslewhite,dmusslewhitef9@naver.com,Male,110.159.248.105,Poland
551,Gabrielle,Heustice,gheusticefa@netvibes.com,Genderqueer,64.178.70.179,Cameroon
552,Veda,Fury,vfuryfb@wired.com,Female,14.131.172.244,Russia
553,Joel,Britto,jbrittofc@typepad.com,Male,222.126.145.64,United States
554,Hodge,Smalecombe,hsmalecombefd@multiply.com,Male,208.87.156.207,Austria
555,Gawen,Droghan,gdroghanfe@slideshare.net,Male,181.62.115.80,Philippines
556,Foster,Piggrem,fpiggremff@goo.ne.jp,Male,95.136.64.56,Thailand
557,Delmor,Puckham,dpuckhamfg@webmd.com,Male,14.166.147.58,China
558,Yance,Phythien,yphythienfh@aboutads.info,Male,145.154.232.191,Philippines
559,Cassi,Blanpein,cblanpeinfi@earthlink.net,Female,149.95.106.115,Indonesia
560,Nettle,Djuricic,ndjuricicfj@1688.com,Female,125.129.8.201,Mexico
561,Brittney,Balshen,bbalshenfk@live.com,Female,47.231.225.113,Syria
562,Yasmeen,Sealy,ysealyfl@linkedin.com,Female,144.94.134.91,Japan
563,Oates,Cromarty,ocromartyfm@wikia.com,Male,225.120.217.82,China
564,Barton,Enrdigo,benrdigofn@gmpg.org,Male,10.119.94.54,Tanzania
565,Tessie,Holehouse,tholehousefo@bluehost.com,Female,39.121.165.171,Bulgaria
566,Roxine,Scaice,rscaicefp@reverbnation.com,Female,158.227.114.109,China
567,Chandra,Rosterne,crosternefq@1688.com,Polygender,239.117.11.18,China
568,Bryn,Smidmoor,bsmidmoorfr@gmpg.org,Female,72.157.148.43,Indonesia
569,Yorgos,Hayller,yhayllerfs@tumblr.com,Male,229.116.208.99,Sweden
570,Giraldo,Tremathick,gtremathickft@qq.com,Male,132.245.201.175,Mexico
571,Terry,Duggary,tduggaryfu@ucoz.ru,Female,49.117.47.152,Colombia
572,Natty,Vitet,nvitetfv@tripod.com,Male,154.125.114.208,Czech Republic
573,Krisha,Freezor,kfreezorfw@nydailynews.com,Male,16.41.64.104,Armenia
574,Pennie,Ellingford,pellingfordfx@vk.com,Male,6.50.40.34,Latvia
575,Fanny,Cohan,fcohanfy@ifeng.com,Female,47.179.160.135,Portugal
576,Kale,Do Rosario,kdorosariofz@pbs.org,Male,201.227.77.202,Ivory Coast
577,Terencio,Coupar,tcouparg0@sina.com.cn,Male,70.17.48.6,Jamaica
578,Ericka,Musprat,emuspratg1@indiatimes.com,Female,173.181.17.115,China
579,Davin,McAnellye,dmcanellyeg2@w3.org,Male,119.118.89.122,China
580,Vern,Riseborough,vriseboroughg3@statcounter.com,Male,50.179.4.197,Colombia
581,Sheree,Viccars,sviccarsg4@jiathis.com,Female,8.1.166.114,Philippines
582,Hobie,Innocenti,hinnocentig5@dedecms.com,Male,182.113.101.170,Japan
583,Franklin,Rotherham,frotherhamg6@xrea.com,Genderfluid,90.213.90.52,Greece
584,Maia,Yelland,myellandg7@washington.edu,Female,181.32.30.15,Poland
585,Chrisse,Matashkin,cmatashking8@usa.gov,Male,182.163.72.82,Japan
586,Gardiner,Vatini,gvatinig9@hud.gov,Genderfluid,38.147.106.146,Bangladesh
587,Malcolm,Doulden,mdouldenga@oaic.gov.au,Male,39.58.206.88,Germany
588,Willi,Isaak,wisaakgb@discuz.net,Agender,230.227.11.144,Netherlands
589,Rurik,Edbrooke,redbrookegc@yahoo.co.jp,Male,146.134.206.203,Ireland
590,Justen,Rowland,jrowlandgd@blogtalkradio.com,Male,151.219.83.178,Indonesia
591,Ogdan,Collinwood,ocollinwoodge@devhub.com,Male,52.250.253.55,Czech Republic
592,Derick,Adelberg,dadelberggf@thetimes.co.uk,Male,70.228.199.246,China
593,Kaila,Everil,keverilgg@cmu.edu,Female,245.48.192.129,Russia
594,Ida,Chesworth,ichesworthgh@drupal.org,Female,124.85.238.104,China
595,Harriet,Nutkins,hnutkinsgi@usda.gov,Female,237.222.58.3,Portugal
596,Sileas,Dargie,sdargiegj@chronoengine.com,Female,34.147.124.163,China
597,Katrina,Werndley,kwerndleygk@google.fr,Genderqueer,41.140.140.211,Tajikistan
598,Harvey,Goslin,hgoslingl@edublogs.org,Male,239.172.7.165,Russia
599,Darby,Wimbridge,dwimbridgegm@drupal.org,Female,203.131.161.243,Sweden
600,Anna-diana,Rosensaft,arosensaftgn@desdev.cn,Female,213.235.202.65,Brazil
601,Guido,Walsh,gwalshgo@reference.com,Male,25.118.159.72,Indonesia
602,Kahlil,Mockler,kmocklergp@yellowpages.com,Male,79.82.85.28,China
603,Stafford,Gerler,sgerlergq@businesswire.com,Male,236.77.62.95,China
604,Myron,Salman,msalmangr@samsung.com,Male,53.154.192.246,Russia
605,Symon,Iorio,sioriogs@is.gd,Male,5.214.228.13,Peru
606,Sydelle,Rizzetti,srizzettigt@1und1.de,Female,233.146.40.229,China
607,Ilaire,Billett,ibillettgu@ustream.tv,Male,20.163.189.220,Indonesia
608,Randa,Gehrels,rgehrelsgv@smugmug.com,Female,206.139.161.4,Barbados
609,Valentine,Hurry,vhurrygw@gmpg.org,Female,203.1.47.184,Peru
610,Rickard,Jennemann,rjennemanngx@arizona.edu,Genderfluid,36.45.148.199,Peru
611,Lilah,Ginnelly,lginnellygy@oracle.com,Female,51.58.197.253,China
612,Sherwood,Dudleston,sdudlestongz@slashdot.org,Genderqueer,31.126.231.96,Philippines
613,Bailie,Jarry,bjarryh0@wired.com,Male,119.58.139.14,Russia
614,Kristoforo,Leadbetter,kleadbetterh1@photobucket.com,Male,219.239.212.252,United Arab Emirates
615,Maryrose,Cackett,mcacketth2@cdc.gov,Female,99.222.26.76,Russia
616,Karney,Maharry,kmaharryh3@usgs.gov,Male,205.41.16.26,China
617,Adele,Chasson,achassonh4@arstechnica.com,Polygender,95.126.241.23,Russia
618,Gayel,Leeson,gleesonh5@pinterest.com,Female,136.136.101.62,Mexico
619,Neville,Eynon,neynonh6@rediff.com,Agender,184.241.148.190,Germany
620,Hurley,Inglesfield,hinglesfieldh7@seesaa.net,Male,33.196.219.60,China
621,Sammy,Aberhart,saberharth8@toplist.cz,Female,114.137.132.37,Philippines
622,Rourke,Harden,rhardenh9@patch.com,Male,81.124.39.139,China
623,Jarid,Hagard,jhagardha@latimes.com,Male,36.17.95.7,China
624,Mychal,Dwyr,mdwyrhb@godaddy.com,Male,243.242.193.203,Russia
625,Daisie,McIlharga,dmcilhargahc@multiply.com,Female,147.246.49.56,Ukraine
626,Tiphanie,Cuer,tcuerhd@youku.com,Female,180.137.209.229,Japan
627,Reggis,Lowthorpe,rlowthorpehe@ihg.com,Male,194.237.42.27,Portugal
628,Adora,Lilian,alilianhf@irs.gov,Female,247.104.60.96,Brazil
629,Dame,Chaikovski,dchaikovskihg@google.ca,Male,85.228.40.241,Argentina
630,Thedrick,Kienzle,tkienzlehh@elegantthemes.com,Male,76.18.232.235,China
631,Hersch,Jouanot,hjouanothi@forbes.com,Male,246.28.91.141,Sierra Leone
632,Gladys,Dow,gdowhj@china.com.cn,Female,14.75.4.248,South Africa
633,Celestia,Simmings,csimmingshk@senate.gov,Female,125.119.179.17,China
634,Franklin,Nuth,fnuthhl@yolasite.com,Polygender,115.200.42.239,China
635,Claudius,Cafferty,ccaffertyhm@cdc.gov,Male,111.14.125.111,Russia
636,Iormina,Bolesworth,ibolesworthhn@tamu.edu,Female,235.73.15.137,Japan
637,Leif,Stair,lstairho@163.com,Male,146.54.151.34,China
638,Kyrstin,Lainge,klaingehp@guardian.co.uk,Female,253.3.191.130,China
639,Grace,Sawle,gsawlehq@facebook.com,Female,89.90.42.191,Uganda
640,Keelia,Stitcher,kstitcherhr@apache.org,Polygender,236.160.44.80,Pakistan
641,Kathlin,Spolton,kspoltonhs@themeforest.net,Female,71.161.203.149,Greece
642,Dale,Dewsnap,ddewsnapht@cmu.edu,Female,151.206.111.196,Madagascar
643,Tammi,Marvin,tmarvinhu@illinois.edu,Female,211.245.252.120,Brazil
644,Jayson,Jennings,jjenningshv@yahoo.co.jp,Male,243.247.151.54,Portugal
645,Gauthier,O'Dowling,godowlinghw@noaa.gov,Male,21.62.210.182,China
646,Sal,Ferreira,sferreirahx@nbcnews.com,Male,58.66.251.210,Indonesia
647,Emilie,Henaughan,ehenaughanhy@bbb.org,Female,246.136.231.47,China
648,Pearline,Hollindale,phollindalehz@theguardian.com,Female,249.26.170.107,Myanmar
649,Othilia,Yaus,oyausi0@woothemes.com,Female,196.80.18.77,China
650,Adrianna,Celier,acelieri1@comsenz.com,Female,240.22.5.7,Portugal
651,Melba,Blinder,mblinderi2@google.ru,Female,104.215.174.241,Sweden
652,Leela,Llewhellin,lllewhellini3@ucoz.com,Female,248.195.143.231,Croatia
653,Dotti,Ambrodi,dambrodii4@nydailynews.com,Female,141.219.115.222,Philippines
654,Dru,Croix,dcroixi5@elegantthemes.com,Female,157.53.223.152,Madagascar
655,Mackenzie,Brimfield,mbrimfieldi6@ovh.net,Male,83.63.149.207,China
656,Hale,Royan,hroyani7@nasa.gov,Polygender,152.43.191.190,China
657,Davita,Greasty,dgreastyi8@imageshack.us,Female,202.63.132.32,Indonesia
658,Salim,Reiglar,sreiglari9@bloomberg.com,Male,153.57.7.202,South Africa
659,Stefan,Shambroke,sshambrokeia@hibu.com,Non-binary,151.181.134.103,Portugal
660,Fan,Labroue,flabroueib@google.pl,Female,13.186.236.60,Russia
661,Janeczka,Swabey,jswabeyic@rakuten.co.jp,Female,240.62.205.65,Cuba
662,Townie,Krimmer,tkrimmerid@hp.com,Male,154.231.201.7,Thailand
663,Ardra,Theseira,atheseiraie@examiner.com,Female,128.105.141.20,Sweden
664,Luisa,Lewin,llewinif@amazonaws.com,Female,233.118.235.48,Indonesia
665,Etty,Fearn,efearnig@theguardian.com,Female,229.93.5.190,China
666,Karyl,Kielt,kkieltih@trellian.com,Female,103.141.187.71,Ukraine
667,Walt,Dabnot,wdabnotii@scribd.com,Male,192.119.5.57,New Zealand
668,Carr,Pagelsen,cpagelsenij@utexas.edu,Male,213.245.11.213,Montenegro
669,Roxanne,Gaye,rgayeik@cisco.com,Female,167.32.236.48,Panama
670,Nessie,Taft,ntaftil@discuz.net,Female,146.232.171.207,Switzerland
671,Tyrus,Jewson,tjewsonim@yahoo.co.jp,Male,181.250.101.56,China
672,Milissent,Bemrose,mbemrosein@webs.com,Female,74.105.58.234,Philippines
673,Noach,Dunphie,ndunphieio@tmall.com,Agender,111.210.19.179,China
674,Gareth,Currer,gcurrerip@senate.gov,Male,153.251.17.218,China
675,Nikola,Christer,nchristeriq@sphinn.com,Male,184.97.223.175,Bosnia and Herzegovina
676,Eddi,Wherrit,ewherritir@google.cn,Female,79.222.68.116,Portugal
677,Duffy,Endean,dendeanis@foxnews.com,Male,45.120.144.163,Vietnam
678,Tod,Cairns,tcairnsit@wufoo.com,Male,160.49.62.119,Japan
679,Red,Middleweek,rmiddleweekiu@shinystat.com,Male,118.165.80.151,United States
680,Devon,Densell,ddenselliv@csmonitor.com,Female,24.177.243.107,Iran
681,Libby,Wooster,lwoosteriw@wordpress.org,Polygender,73.20.186.91,Brazil
682,Cyril,Shottin,cshottinix@foxnews.com,Male,240.90.243.17,Brazil
683,Weber,Folling,wfollingiy@discuz.net,Male,96.161.201.93,Ukraine
684,Kristal,Kristof,kkristofiz@gravatar.com,Female,245.253.225.68,Madagascar
685,Delainey,Matthis,dmatthisj0@samsung.com,Male,147.105.123.255,Philippines
686,Koralle,Doohan,kdoohanj1@google.cn,Female,28.104.67.42,Philippines
687,Rikki,Joplin,rjoplinj2@mashable.com,Male,103.61.178.175,Honduras
688,Ivonne,Belvin,ibelvinj3@drupal.org,Female,196.119.248.118,China
689,Goldina,Stiven,gstivenj4@bloomberg.com,Female,91.15.223.188,Comoros
690,Alfy,Drage,adragej5@intel.com,Male,173.122.17.20,Myanmar
691,Kizzee,Grason,kgrasonj6@wisc.edu,Female,242.169.5.88,Indonesia
692,Augy,Keary,akearyj7@state.tx.us,Genderfluid,1.135.22.132,Indonesia
693,Nadya,Thaim,nthaimj8@indiegogo.com,Female,83.214.208.28,Russia
694,Augie,Heads,aheadsj9@who.int,Male,39.191.184.196,Japan
695,Giffard,Blanchet,gblanchetja@bravesites.com,Male,193.118.106.127,China
696,Mathilda,Lorkin,mlorkinjb@twitter.com,Female,33.201.73.202,Malaysia
697,Faustine,Jamary,fjamaryjc@cmu.edu,Female,254.45.71.182,Japan
698,Tonia,Wooffitt,twooffittjd@1688.com,Female,191.43.126.120,China
699,Beverley,Sherlaw,bsherlawje@cornell.edu,Female,191.187.13.68,Japan
700,Rodrigo,Tommeo,rtommeojf@sakura.ne.jp,Male,131.202.218.152,Thailand
701,Berky,Knight,bknightjg@rambler.ru,Male,14.165.163.88,Indonesia
702,Grissel,McCaughey,gmccaugheyjh@cocolog-nifty.com,Female,213.69.11.118,Colombia
703,Gail,Chalice,gchaliceji@e-recht24.de,Male,68.6.36.221,Portugal
704,Honey,Di Dello,hdidellojj@yahoo.com,Female,14.214.173.162,China
705,Mathilda,Such,msuchjk@last.fm,Female,237.104.64.108,Sweden
706,Garik,Carmody,gcarmodyjl@psu.edu,Male,171.232.75.233,Indonesia
707,Annette,Basill,abasilljm@1688.com,Female,76.108.246.73,Peru
708,Teressa,Hancock,thancockjn@nytimes.com,Female,72.144.90.231,Ukraine
709,Roxy,Maultby,rmaultbyjo@amazonaws.com,Genderqueer,170.199.180.219,Poland
710,Antonius,Stainsby,astainsbyjp@example.com,Male,9.230.125.250,Vietnam
711,Juliana,Huerta,jhuertajq@mail.ru,Female,201.222.118.91,Honduras
712,Rawley,Concklin,rconcklinjr@t.co,Male,52.158.69.60,Pakistan
713,Bennie,Wordsley,bwordsleyjs@biblegateway.com,Female,94.202.97.180,Brazil
714,Glen,Dofty,gdoftyjt@163.com,Male,40.48.183.247,Brazil
715,Verge,Kerrey,vkerreyju@diigo.com,Male,174.68.117.123,Tanzania
716,Agosto,Moffett,amoffettjv@archive.org,Male,146.68.62.22,Brazil
717,Bernardine,Langley,blangleyjw@pen.io,Female,221.187.243.220,Albania
718,Ali,Borthe,aborthejx@bigcartel.com,Male,182.12.147.211,China
719,Dareen,Licciardi,dlicciardijy@google.it,Female,146.213.2.66,Philippines
720,Milli,Doxsey,mdoxseyjz@smh.com.au,Female,129.162.10.88,Indonesia
721,Mahmoud,Hare,mharek0@blogs.com,Male,97.227.223.123,United States
722,Rosabel,Ferschke,rferschkek1@msn.com,Female,220.173.2.116,Philippines
723,Chancey,Glasper,cglasperk2@nytimes.com,Male,114.104.23.141,China
724,Matelda,Baniard,mbaniardk3@mozilla.org,Bigender,132.193.219.143,China
725,Frankie,Tuffell,ftuffellk4@bbc.co.uk,Male,122.25.183.121,China
726,Vale,Bullus,vbullusk5@salon.com,Bigender,13.59.116.247,China
727,Dodi,Tebbett,dtebbettk6@amazon.co.uk,Female,33.132.96.244,Russia
728,Silva,Allot,sallotk7@utexas.edu,Female,65.138.59.68,Bulgaria
729,Dorri,Deniso,ddenisok8@cam.ac.uk,Female,26.165.70.176,Senegal
730,Burr,Presho,bpreshok9@quantcast.com,Male,174.230.223.205,Portugal
731,Lombard,Corah,lcorahka@google.ca,Male,20.227.182.129,United States
732,Cherie,Couche,ccouchekb@marketwatch.com,Bigender,159.210.164.76,China
733,Orbadiah,Camplin,ocamplinkc@webmd.com,Male,186.90.64.13,Indonesia
734,Rodney,Peaddie,rpeaddiekd@unc.edu,Male,3.159.22.64,China
735,Melvin,Gerrad,mgerradke@bluehost.com,Male,92.239.140.126,China
736,Holden,Birkby,hbirkbykf@csmonitor.com,Male,75.42.144.28,Indonesia
737,Karin,Baskeyfied,kbaskeyfiedkg@archive.org,Female,193.196.84.17,China
738,Derby,Matschek,dmatschekkh@go.com,Male,4.153.148.32,China
739,Bond,Kadwallider,bkadwalliderki@arizona.edu,Male,15.118.186.99,United States
740,Torry,Jedrzejewicz,tjedrzejewiczkj@amazonaws.com,Male,9.28.136.127,Russia
741,Caldwell,Stuehmeyer,cstuehmeyerkk@about.me,Male,251.210.129.49,China
742,Hyatt,Abrahamsen,habrahamsenkl@surveymonkey.com,Male,168.159.71.6,Chad
743,Fidole,Loftie,floftiekm@bandcamp.com,Male,147.181.235.46,Indonesia
744,Sutton,Roundtree,sroundtreekn@lycos.com,Male,198.181.64.180,Peru
745,Gwyneth,Marfield,gmarfieldko@tripadvisor.com,Female,218.136.140.39,Indonesia
746,Duncan,Farris,dfarriskp@live.com,Genderfluid,249.153.2.111,Sweden
747,Davis,Conrart,dconrartkq@nymag.com,Male,94.146.252.164,China
748,Corby,O'Griffin,cogriffinkr@e-recht24.de,Male,99.239.196.238,Czech Republic
749,Brigid,Yersin,byersinks@friendfeed.com,Female,55.30.18.20,Uganda
750,Alexei,Bolsteridge,abolsteridgekt@npr.org,Male,58.162.70.81,Myanmar
751,Desmond,Higgan,dhigganku@w3.org,Male,167.91.36.175,Indonesia
752,Katee,Heads,kheadskv@cpanel.net,Female,102.95.125.253,Ireland
753,Dena,Ceeley,dceeleykw@sakura.ne.jp,Female,138.127.244.153,Pakistan
754,Maryann,Rosbottom,mrosbottomkx@sakura.ne.jp,Agender,103.192.15.149,Japan
755,Alex,Uccello,auccelloky@patch.com,Male,190.26.181.61,Poland
756,Gabriello,Vaillant,gvaillantkz@cnet.com,Male,230.58.178.118,Russia
757,Maurie,Murley,mmurleyl0@scientificamerican.com,Male,140.27.146.139,Indonesia
758,Casandra,Cuttell,ccuttelll1@stanford.edu,Female,124.142.250.116,Greece
759,Joshua,Sporgeon,jsporgeonl2@unblog.fr,Male,20.144.113.102,Eritrea
760,Kenton,Savege,ksavegel3@amazon.com,Male,185.83.4.19,Georgia
761,Kaitlynn,Kuhnhardt,kkuhnhardtl4@usatoday.com,Female,29.25.149.207,France
762,Wilie,Cockerill,wcockerilll5@alibaba.com,Female,55.74.111.137,Brazil
763,Lotte,Rudeforth,lrudeforthl6@flavors.me,Female,164.92.187.191,China
764,Bessy,Maccree,bmaccreel7@bandcamp.com,Female,140.54.131.44,China
765,Reena,Abbots,rabbotsl8@kickstarter.com,Female,1.25.205.150,Greece
766,Becky,Caulfield,bcaulfieldl9@cbc.ca,Female,216.182.252.161,Ukraine
767,Layton,Mort,lmortla@buzzfeed.com,Male,33.168.133.233,China
768,Regan,Cicchinelli,rcicchinellilb@sitemeter.com,Agender,31.151.153.95,Brazil
769,Laurie,Thews,lthewslc@alibaba.com,Male,104.141.2.34,Peru
770,Jade,Willman,jwillmanld@stumbleupon.com,Female,42.81.46.191,China
771,Anetta,Keunemann,akeunemannle@sbwire.com,Agender,140.228.31.215,China
772,Selina,Railton,srailtonlf@t-online.de,Female,79.236.3.253,Russia
773,Babbette,Blest,bblestlg@mysql.com,Female,113.61.80.145,Philippines
774,Dimitri,Chilcotte,dchilcottelh@theatlantic.com,Male,216.108.17.178,Colombia
775,Theo,Cousans,tcousansli@state.tx.us,Agender,252.135.8.241,Indonesia
776,Vivyan,Jochens,vjochenslj@tripadvisor.com,Female,181.158.2.150,Mongolia
777,Zsazsa,Sandwich,zsandwichlk@prweb.com,Female,3.208.73.110,Mongolia
778,Clint,Apple,capplell@imdb.com,Male,92.77.71.122,Turkmenistan
779,Sue,Matchitt,smatchittlm@quantcast.com,Female,10.92.56.17,Philippines
780,Othello,Niccols,oniccolsln@ifeng.com,Male,230.108.26.109,Russia
781,Skippie,Barracks,sbarrackslo@yahoo.com,Male,199.108.194.197,Greece
782,Yulma,Caberas,ycaberaslp@e-recht24.de,Male,36.84.146.163,Russia
783,Ozzy,Alvarado,oalvaradolq@dmoz.org,Male,86.73.27.199,China
784,Bobbe,Brent,bbrentlr@usatoday.com,Female,154.192.3.139,Ireland
785,Mariette,Gipson,mgipsonls@nyu.edu,Female,113.95.23.135,Philippines
786,Irene,Llewelly,illewellylt@goodreads.com,Female,119.41.178.45,Zambia
787,Shanta,Kenelin,skenelinlu@wikia.com,Female,229.204.64.184,United States
788,Lyon,Ewles,lewleslv@twitter.com,Male,112.241.73.119,United States
789,Raff,Tocqueville,rtocquevillelw@cnbc.com,Male,245.150.195.159,Egypt
790,Cordi,Nolli,cnollilx@google.de,Genderfluid,54.189.62.234,China
791,Annabelle,Yousef,ayousefly@sbwire.com,Female,71.106.233.75,Indonesia
792,Putnam,Deathridge,pdeathridgelz@weebly.com,Male,181.23.132.192,Indonesia
793,Corbet,Morewood,cmorewoodm0@squarespace.com,Male,251.68.84.84,Nigeria
794,Henri,Heugle,hheuglem1@blog.com,Male,83.100.68.183,Democratic Republic of the Congo
795,Jackqueline,Sloey,jsloeym2@nationalgeographic.com,Genderqueer,139.27.221.237,Japan
796,Ora,Pinock,opinockm3@vistaprint.com,Agender,1.252.6.165,Sweden
797,Gary,Stobbie,gstobbiem4@naver.com,Male,179.193.140.202,China
798,Pandora,Corradini,pcorradinim5@delicious.com,Agender,8.2.216.25,Sweden
799,Fleming,Gianolini,fgianolinim6@paypal.com,Male,63.212.52.174,China
800,Tad,Bragg,tbraggm7@toplist.cz,Male,71.154.111.204,China
801,Malanie,Havard,mhavardm8@webnode.com,Female,247.133.45.106,Peru
802,Hyatt,Mackilpatrick,hmackilpatrickm9@github.io,Male,57.14.9.53,Argentina
803,Virgie,Roome,vroomema@abc.net.au,Male,220.222.214.215,Brazil
804,Kass,Moulder,kmouldermb@ustream.tv,Female,234.27.212.1,France
805,Cecily,Anderson,candersonmc@mac.com,Female,198.112.210.218,China
806,Ingamar,Meeson,imeesonmd@nationalgeographic.com,Male,38.65.236.20,Brazil
807,Fidole,Hartropp,fhartroppme@paypal.com,Male,182.244.57.4,Poland
808,Ricky,Dungay,rdungaymf@dion.ne.jp,Female,173.160.17.157,United States
809,Issi,Ambrois,iambroismg@noaa.gov,Female,216.151.9.63,United States
810,Jay,Tooby,jtoobymh@house.gov,Genderqueer,94.76.185.134,Argentina
811,Breanne,Madigan,bmadiganmi@sciencedirect.com,Female,160.160.86.84,Denmark
812,Fremont,Ewbanche,fewbanchemj@tamu.edu,Male,204.56.97.185,China
813,Alfred,Cawdron,acawdronmk@paypal.com,Male,49.121.123.56,Poland
814,Lurlene,Pecey,lpeceyml@slideshare.net,Female,6.68.177.164,Russia
815,Sibelle,Grey,sgreymm@webeden.co.uk,Non-binary,131.53.83.248,Philippines
816,Fletcher,Rief,friefmn@epa.gov,Male,111.93.15.250,China
817,Effie,Gradon,egradonmo@apache.org,Female,56.9.239.247,New Zealand
818,Rodolfo,Ridger,rridgermp@slideshare.net,Male,195.105.249.255,Afghanistan
819,Aguie,Dearth,adearthmq@angelfire.com,Male,59.110.118.93,Sweden
820,Jessie,Haggata,jhaggatamr@vistaprint.com,Male,229.40.42.218,China
821,Dill,Dartnall,ddartnallms@altervista.org,Male,32.129.8.141,Greece
822,Don,Lugg,dluggmt@opensource.org,Male,117.212.181.35,Croatia
823,Austine,Ickovici,aickovicimu@blog.com,Female,183.243.164.75,Poland
824,Bonny,Shone,bshonemv@google.ca,Female,47.62.115.227,Portugal
825,Udell,Brimilcome,ubrimilcomemw@wikia.com,Male,101.125.110.189,China
826,Garv,Knightsbridge,gknightsbridgemx@moonfruit.com,Male,242.198.214.79,Brazil
827,Tucker,Haycroft,thaycroftmy@yellowbook.com,Male,117.70.165.26,Pakistan
828,Dona,Fowls,dfowlsmz@miibeian.gov.cn,Female,113.5.163.95,United States
829,Corrie,Sothcott,csothcottn0@google.co.jp,Male,111.247.41.219,China
830,Carmine,Hagley,chagleyn1@wsj.com,Female,232.199.78.101,Russia
831,Ludovika,Gardner,lgardnern2@si.edu,Female,0.175.226.198,Ethiopia
832,Nathalia,Janas,njanasn3@hubpages.com,Female,53.121.66.78,Sweden
833,Loreen,Frend,lfrendn4@jugem.jp,Female,33.1.67.18,France
834,Sauncho,Scarff,sscarffn5@php.net,Non-binary,22.119.49.34,Netherlands
835,Stace,Ellesworthe,sellesworthen6@unblog.fr,Female,255.112.153.14,Libya
836,Johnathon,Bearfoot,jbearfootn7@google.nl,Male,232.54.26.9,France
837,Olivero,Ivins,oivinsn8@virginia.edu,Male,240.71.91.113,Afghanistan
838,Matty,Reford,mrefordn9@aol.com,Female,24.142.155.132,Burkina Faso
839,Cole,Rofe,crofena@cdc.gov,Male,211.114.40.102,France
840,Jody,Giacobilio,jgiacobilionb@mysql.com,Female,68.233.54.223,United States
841,Rainer,Flode,rflodenc@zimbio.com,Male,221.104.209.186,Guadeloupe
842,Lexy,Cleugh,lcleughnd@parallels.com,Female,186.94.18.246,Russia
843,Rayshell,McWhannel,rmcwhannelne@yale.edu,Female,88.228.237.218,Czech Republic
844,Arther,Cromleholme,acromleholmenf@buzzfeed.com,Male,44.205.238.229,France
845,Daffy,Linturn,dlinturnng@princeton.edu,Female,165.91.116.133,Grenada
846,Vladamir,Chamberlayne,vchamberlaynenh@delicious.com,Male,182.238.247.80,Peru
847,Kimble,Galpen,kgalpenni@geocities.jp,Male,133.208.10.254,Israel
848,Aile,Whelpton,awhelptonnj@wordpress.com,Female,123.188.31.15,Poland
849,Bevan,Killiam,bkilliamnk@hp.com,Male,18.137.97.76,Colombia
850,Casar,Gary,cgarynl@disqus.com,Male,101.51.229.41,Mauritania
851,Fonsie,Yarwood,fyarwoodnm@vkontakte.ru,Male,224.1.55.45,Philippines
852,Harvey,Arbor,harbornn@sciencedaily.com,Male,126.11.246.135,Indonesia
853,Gerda,Sales,gsalesno@dyndns.org,Female,177.211.106.118,Afghanistan
854,Ruddie,Yesipov,ryesipovnp@walmart.com,Male,156.103.174.83,Tanzania
855,Karyn,MacNaughton,kmacnaughtonnq@globo.com,Female,149.11.169.146,Czech Republic
856,Joleen,Digweed,jdigweednr@vinaora.com,Female,103.41.127.178,Jordan
857,Dionne,Thorold,dthoroldns@ucsd.edu,Female,54.229.46.140,Belarus
858,Lola,Downey,ldowneynt@phpbb.com,Female,21.34.120.74,Estonia
859,Gibby,Edards,gedardsnu@networksolutions.com,Male,107.254.152.218,Portugal
860,Celestia,Dargue,cdarguenv@geocities.jp,Female,13.230.146.198,Ivory Coast
861,Hollis,Pavlitschek,hpavlitscheknw@amazon.co.uk,Male,175.222.113.83,Peru
862,Melicent,De Giorgio,mdegiorgionx@wired.com,Female,28.48.50.80,Indonesia
863,Ricca,Le Merchant,rlemerchantny@tamu.edu,Non-binary,79.249.111.27,Philippines
864,Barty,Wane,bwanenz@g.co,Male,93.32.132.96,China
865,Alexis,Piwall,apiwallo0@skype.com,Male,190.95.189.227,Philippines
866,Abbot,Kleinhausen,akleinhauseno1@etsy.com,Male,78.22.105.104,Nigeria
867,Angel,Sweeting,asweetingo2@kickstarter.com,Female,63.225.93.32,Lithuania
868,Waneta,Ciobotaro,wciobotaroo3@google.it,Female,49.160.130.215,Saudi Arabia
869,Kristian,Chesshire,kchesshireo4@seattletimes.com,Bigender,67.59.231.77,China
870,Kalle,Wadley,kwadleyo5@symantec.com,Male,1.225.252.42,Netherlands
871,Humfrid,Po,hpoo6@comcast.net,Male,54.46.22.244,Russia
872,Fonzie,Loud,floudo7@dagondesign.com,Male,95.49.140.164,Netherlands
873,Corby,McCrostie,cmccrostieo8@bizjournals.com,Agender,122.24.57.59,China
874,Iggy,Broadbury,ibroadburyo9@sohu.com,Male,183.203.151.19,Indonesia
875,Egan,Prendergrass,eprendergrassoa@nature.com,Male,92.220.29.59,France
876,Geordie,Joseph,gjosephob@hp.com,Male,55.32.43.205,China
877,Kaye,Realph,krealphoc@hatena.ne.jp,Female,90.179.134.59,Iran
878,Nicki,Lummis,nlummisod@yandex.ru,Polygender,143.223.177.236,Thailand
879,Alex,Menhenitt,amenhenittoe@jiathis.com,Female,82.2.122.198,Czech Republic
880,Jeannette,Maccrie,jmaccrieof@buzzfeed.com,Female,72.24.59.127,Philippines
881,Miles,Lashbrook,mlashbrookog@europa.eu,Male,220.118.65.241,Poland
882,Ambros,Ellissen,aellissenoh@tamu.edu,Polygender,22.237.124.218,Ethiopia
883,Corbin,Fleeming,cfleemingoi@ed.gov,Male,98.37.85.215,Portugal
884,Jo-ann,Jickles,jjicklesoj@google.com.br,Female,235.114.76.13,Malaysia
885,Devlen,Bardill,dbardillok@timesonline.co.uk,Male,154.220.105.142,Greece
886,Rosemaria,McElree,rmcelreeol@smugmug.com,Female,30.244.187.134,China
887,Arch,Iglesiaz,aiglesiazom@nationalgeographic.com,Male,243.134.63.160,Brazil
888,Curt,Cannaway,ccannawayon@gnu.org,Male,199.240.206.7,China
889,Romy,Ulyet,rulyetoo@dedecms.com,Female,175.254.74.168,Russia
890,Spence,Bridgeland,sbridgelandop@slate.com,Agender,189.92.164.36,China
891,Mallory,Clarke-Williams,mclarkewilliamsoq@baidu.com,Genderqueer,216.235.21.21,Albania
892,Dilly,Barkes,dbarkesor@google.com.hk,Male,81.110.164.166,Myanmar
893,Cleve,Flament,cflamentos@addthis.com,Male,229.120.212.228,Colombia
894,Greta,Owbridge,gowbridgeot@google.ca,Female,251.150.15.217,Guatemala
895,Beauregard,Ivers,biversou@hibu.com,Polygender,39.167.214.229,China
896,Gerek,Locarno,glocarnoov@google.com,Genderfluid,56.131.251.181,Poland
897,Melicent,Cowsby,mcowsbyow@ca.gov,Female,87.184.26.142,China
898,Kelli,Edmead,kedmeadox@tinyurl.com,Female,197.200.55.34,Indonesia
899,Algernon,Harken,aharkenoy@sogou.com,Male,52.54.1.228,Sweden
900,Kandy,Tiplady,ktipladyoz@nhs.uk,Female,172.52.147.214,Czech Republic
901,Xylina,Blazynski,xblazynskip0@si.edu,Female,177.149.109.248,Hungary
902,Mayor,Rosenthaler,mrosenthalerp1@twitpic.com,Male,104.108.48.95,France
903,Elmer,Tomasek,etomasekp2@msn.com,Male,78.244.122.173,Poland
904,Allyce,Gansbuhler,agansbuhlerp3@miitbeian.gov.cn,Female,164.136.58.135,China
905,Carlen,Illesley,cillesleyp4@uiuc.edu,Female,35.94.202.99,Palestinian Territory
906,Amii,Gagan,agaganp5@amazon.co.uk,Female,69.169.251.193,China
907,Dodie,Bennetto,dbennettop6@adobe.com,Female,31.66.88.161,Tajikistan
908,Jade,McGillicuddy,jmcgillicuddyp7@reuters.com,Female,179.154.252.207,Japan
909,Tyson,Yakebovitch,tyakebovitchp8@guardian.co.uk,Male,40.173.185.210,Canada
910,Rowan,Moir,rmoirp9@reference.com,Male,24.132.207.244,China
911,Freeman,Pauel,fpauelpa@cam.ac.uk,Male,133.107.149.203,Maldives
912,Seth,Eyeington,seyeingtonpb@topsy.com,Male,251.243.128.205,Yemen
913,Jim,Livesey,jliveseypc@un.org,Male,70.179.152.16,Indonesia
914,Ingeborg,Laxen,ilaxenpd@toplist.cz,Female,107.231.6.48,Ukraine
915,Mollie,Farnsworth,mfarnsworthpe@rediff.com,Female,232.30.85.84,Bhutan
916,Rube,Middler,rmiddlerpf@patch.com,Male,2.163.67.14,Mexico
917,Natty,Latimer,nlatimerpg@youtube.com,Male,108.131.51.44,Philippines
918,Alyda,Kitley,akitleyph@cdc.gov,Female,43.241.172.148,Honduras
919,Jonah,Woolrich,jwoolrichpi@spiegel.de,Male,155.44.221.105,Poland
920,Mariquilla,Yglesias,myglesiaspj@goo.ne.jp,Female,185.56.62.120,Aruba
921,Goldy,Holtham,gholthampk@google.it,Polygender,53.188.60.181,Afghanistan
922,Jacques,Kimbly,jkimblypl@nifty.com,Male,180.1.216.28,Brazil
923,Raffaello,Sumpner,rsumpnerpm@wisc.edu,Male,89.76.226.75,Greece
924,Ly,Domini,ldominipn@nps.gov,Male,67.39.154.178,Croatia
925,Kelley,Franzettoini,kfranzettoinipo@xrea.com,Female,172.79.33.204,Costa Rica
926,Fayre,Lamcken,flamckenpp@google.com.hk,Female,6.114.207.194,Serbia
927,Aleta,Robak,arobakpq@google.cn,Female,120.121.42.124,Tunisia
928,Gaston,Aries,gariespr@canalblog.com,Male,154.240.122.248,Finland
929,Jacob,Copcote,jcopcoteps@statcounter.com,Male,159.193.73.24,China
930,Edlin,Philcox,ephilcoxpt@auda.org.au,Male,211.31.14.128,Indonesia
931,Hermann,Garside,hgarsidepu@yandex.ru,Male,208.56.222.3,Malaysia
932,Cristionna,Pridden,cpriddenpv@google.fr,Female,44.246.39.110,Czech Republic
933,Yuri,Cantua,ycantuapw@storify.com,Male,83.244.142.198,Ukraine
934,Korey,Decker,kdeckerpx@elegantthemes.com,Male,179.190.114.123,Norway
935,Katheryn,Atyeo,katyeopy@independent.co.uk,Female,77.90.81.55,Indonesia
936,Stavros,Stiff,sstiffpz@odnoklassniki.ru,Male,74.43.160.76,France
937,Faun,Strapp,fstrappq0@ask.com,Female,179.167.176.61,Chile
938,Iormina,Doucette,idoucetteq1@myspace.com,Female,188.1.71.187,Turkey
939,Mirabelle,Madgewick,mmadgewickq2@rakuten.co.jp,Female,7.44.196.54,Russia
940,Rocky,Wadesworth,rwadesworthq3@washingtonpost.com,Male,156.33.90.15,Indonesia
941,Morgana,Ovanesian,movanesianq4@reddit.com,Female,217.63.172.189,Russia
942,Amory,MacAindreis,amacaindreisq5@plala.or.jp,Male,128.181.198.138,Sierra Leone
943,Austin,Drust,adrustq6@xing.com,Male,140.115.71.75,Republic of the Congo
944,Beth,Staining,bstainingq7@wisc.edu,Female,12.75.80.180,Indonesia
945,Meaghan,Bodycote,mbodycoteq8@phoca.cz,Female,243.39.124.19,China
946,Nicholle,Keefe,nkeefeq9@themeforest.net,Female,219.143.163.142,Mexico
947,Isador,M'Barron,imbarronqa@dailymotion.com,Agender,251.66.152.182,Thailand
948,Freeland,Vieyra,fvieyraqb@psu.edu,Male,40.176.156.33,France
949,Dory,Feldhuhn,dfeldhuhnqc@biblegateway.com,Female,100.171.110.163,Indonesia
950,Rhonda,Daly,rdalyqd@cbslocal.com,Female,239.197.97.246,Philippines
951,Jonas,Wafer,jwaferqe@yolasite.com,Bigender,134.180.230.99,Czech Republic
952,Saunder,Pelz,spelzqf@desdev.cn,Male,183.128.184.8,Philippines
953,Kay,Colbeck,kcolbeckqg@hhs.gov,Female,167.12.16.115,Indonesia
954,Rosalynd,Surphliss,rsurphlissqh@woothemes.com,Bigender,71.7.108.29,Vietnam
955,Nady,Davidovici,ndavidoviciqi@de.vu,Female,122.12.147.35,Dominican Republic
956,Verna,O'Grady,vogradyqj@angelfire.com,Female,209.161.96.66,Indonesia
957,Engelbert,Allery,ealleryqk@seattletimes.com,Male,147.205.50.76,Iran
958,Leif,Charlot,lcharlotql@instagram.com,Male,221.39.255.105,Poland
959,Blane,Labarre,blabarreqm@discuz.net,Male,178.137.17.127,China
960,Kasey,Warrier,kwarrierqn@sfgate.com,Genderqueer,79.211.212.186,Russia
961,Trix,Van der Krui,tvanderkruiqo@geocities.jp,Genderfluid,136.84.210.20,Zimbabwe
962,Gabbie,Trahearn,gtrahearnqp@nydailynews.com,Female,115.13.91.1,Indonesia
963,Teddi,Jefferies,tjefferiesqq@globo.com,Female,164.65.50.224,Malawi
964,Derron,Verdy,dverdyqr@ftc.gov,Male,32.215.31.219,China
965,Devin,Tregunnah,dtregunnahqs@free.fr,Male,156.30.29.68,Indonesia
966,Reynard,Francisco,rfranciscoqt@prweb.com,Male,59.242.54.92,Philippines
967,Cos,Hatchell,chatchellqu@mysql.com,Genderfluid,242.139.110.6,Sweden
968,Isadore,Counsell,icounsellqv@symantec.com,Male,7.186.116.215,Mauritius
969,Adele,Segges,aseggesqw@vk.com,Female,218.212.204.41,Jordan
970,Annora,Wassung,awassungqx@youtube.com,Genderqueer,41.224.165.98,United States
971,Horton,Tours,htoursqy@elpais.com,Male,237.86.70.47,Mauritius
972,Lew,Presnail,lpresnailqz@google.ca,Male,138.87.185.58,Russia
973,Olga,Starmont,ostarmontr0@goo.ne.jp,Female,132.253.31.218,Czech Republic
974,Marillin,Rowatt,mrowattr1@multiply.com,Female,185.207.92.238,Armenia
975,Jaime,Morstatt,jmorstattr2@parallels.com,Female,208.240.180.53,Ukraine
976,Tammie,Cundy,tcundyr3@twitpic.com,Female,83.118.136.109,Russia
977,Lynea,Witty,lwittyr4@blogger.com,Female,131.249.60.124,Sri Lanka
978,Tallia,Koenraad,tkoenraadr5@e-recht24.de,Female,243.90.75.141,China
979,Evy,Estcot,eestcotr6@kickstarter.com,Genderqueer,21.116.151.173,United States
980,Konstanze,Jamson,kjamsonr7@illinois.edu,Female,172.142.201.250,Czech Republic
981,Coriss,Symson,csymsonr8@nationalgeographic.com,Genderqueer,220.33.28.118,Sweden
982,Jobyna,Amor,jamorr9@seesaa.net,Female,99.35.1.248,Ivory Coast
983,Seth,Masey,smaseyra@princeton.edu,Male,8.103.53.240,Indonesia
984,Wilfrid,Khan,wkhanrb@furl.net,Male,198.228.75.145,France
985,Samson,Runnalls,srunnallsrc@psu.edu,Male,97.96.194.169,Indonesia
986,Hortense,Yon,hyonrd@berkeley.edu,Female,141.92.242.139,Thailand
987,Neile,Bunworth,nbunworthre@stumbleupon.com,Genderfluid,71.108.119.88,Portugal
988,Estele,Etchingham,eetchinghamrf@sina.com.cn,Female,1.233.78.154,Nigeria
989,Dorolice,Toor,dtoorrg@boston.com,Female,177.241.110.50,China
990,Portie,Bewlie,pbewlierh@g.co,Male,110.32.154.53,Indonesia
991,Andie,McNutt,amcnuttri@xing.com,Male,87.171.48.250,Libya
992,Dukie,Luscombe,dluscomberj@prweb.com,Male,79.213.25.176,Indonesia
993,Lanita,Barton,lbartonrk@nps.gov,Female,170.15.202.55,Honduras
994,Erik,Callum,ecallumrl@istockphoto.com,Male,160.230.157.54,China
995,Allix,Mewburn,amewburnrm@samsung.com,Female,38.15.187.109,Philippines
996,Herve,Esby,hesbyrn@ning.com,Male,117.14.0.60,Indonesia
997,Alexei,Reisk,areiskro@gov.uk,Male,241.181.194.78,Indonesia
998,Xena,Tregenna,xtregennarp@huffingtonpost.com,Female,7.54.121.190,Indonesia
999,Brent,Godsil,bgodsilrq@liveinternet.ru,Male,108.196.186.15,Indonesia
1000,Claretta,Causley,ccausleyrr@ameblo.jp,Female,102.71.128.89,France
